[
{
  "model": "auth.user",
  "fields": {
    "password": "pbkdf2_sha256$600000$gIq2F1le2w8mnyunSqN4xc$tcHH2Rjp+vGIcr36WGRH5BfxgibTR0HTR7lxZhCuoMg=",
    "last_login": "2026-02-01T12:00:07.860Z",
    "is_superuser": false,
    "username": "Keertan",
    "first_name": "Keertan",
    "last_name": "Shetty",
    "email": "keertanshetty0@gmail.com",
    "is_staff": false,
    "is_active": true,
    "date_joined": "2026-01-31T10:20:14.294Z",
    "groups": [],
    "user_permissions": []
  }
},
{
  "model": "auth.user",
  "fields": {
    "password": "pbkdf2_sha256$600000$KfoDxR9IVQvHmP0jvZTJjq$5XOuvne20pi3EbbnsCgjYCrlVbM61TVy5D+svc9g1UM=",
    "last_login": "2026-04-20T04:51:42.538Z",
    "is_superuser": false,
    "username": "Keertan2006",
    "first_name": "keertan",
    "last_name": "shetty",
    "email": "gomeje2765@asimarif.com",
    "is_staff": false,
    "is_active": true,
    "date_joined": "2026-02-01T17:08:57.507Z",
    "groups": [],
    "user_permissions": []
  }
},
{
  "model": "auth.user",
  "fields": {
    "password": "pbkdf2_sha256$600000$Y1NZkUEEjefuLO2RDeNRgu$v/neCfYIHG9iBeuB9g3pmgkDUVn+o8aZkc3wH7wB+1U=",
    "last_login": "2026-02-17T05:43:35.833Z",
    "is_superuser": false,
    "username": "Abcd",
    "first_name": "keertan",
    "last_name": "shetty",
    "email": "keertanengineering@gmail.com",
    "is_staff": false,
    "is_active": true,
    "date_joined": "2026-02-17T05:43:34.788Z",
    "groups": [],
    "user_permissions": []
  }
},
{
  "model": "auth.user",
  "fields": {
    "password": "pbkdf2_sha256$600000$OwiJvitJmIS3WyT8zS0tGF$Kt/Cbb/i2l0FbqNHRAvmmHqpBq3B8L7zbXPc2igD3P4=",
    "last_login": "2026-03-30T19:07:39.029Z",
    "is_superuser": false,
    "username": "admin",
    "first_name": "",
    "last_name": "",
    "email": "dmce@123.com",
    "is_staff": false,
    "is_active": true,
    "date_joined": "2026-03-30T19:07:38.085Z",
    "groups": [],
    "user_permissions": []
  }
},
{
  "model": "auth.user",
  "fields": {
    "password": "pbkdf2_sha256$600000$toT5gfb1JYmzIAiiJIo1MK$y4jZ3k3mUPcUMULm7IfwU9nWfhM6l3KoYnFYlYWGOqw=",
    "last_login": "2026-04-02T06:16:47.493Z",
    "is_superuser": false,
    "username": "Keertandmce",
    "first_name": "keertan",
    "last_name": "",
    "email": "dmceboys@gmail.com",
    "is_staff": false,
    "is_active": true,
    "date_joined": "2026-03-30T19:10:38.776Z",
    "groups": [],
    "user_permissions": []
  }
},
{
  "model": "auth.user",
  "fields": {
    "password": "pbkdf2_sha256$600000$G1uhBWrOEUqTlU6s4Xcmo9$N4RJ/50dwLvtqT+dJ2yvKR2EnXrGKGEmFzOLdgXvuDI=",
    "last_login": "2026-04-20T05:09:02.897Z",
    "is_superuser": false,
    "username": "parth",
    "first_name": "Parth",
    "last_name": "Zagade",
    "email": "dmceboys@gmail.com",
    "is_staff": false,
    "is_active": true,
    "date_joined": "2026-04-20T05:09:02.056Z",
    "groups": [],
    "user_permissions": []
  }
},
{
  "model": "sessions.session",
  "pk": "38ankgdgofhqc6kalpdm6zjv952bbya9",
  "fields": {
    "session_data": ".eJxVjMEOwiAQRP-FsyEUaV08eu83kGXZlaqBpLQn47_bJj1oMqd5b-atAq5LDmvjOUxJXZVTp98uIj257CA9sNyrplqWeYp6V_RBmx5r4tftcP8OMra8rYGT7QcG9GwjeNvFixHPggiml4HQCYvd4mKXKFpAIRI0Z-McgyT1-QIR3DmI:1w7Hxb:Sr71RCQA5c10MplWpyQDg_Q62Ejdy-JN5Sx5CszYRZc",
    "expire_date": "2026-04-13T19:07:39.053Z"
  }
},
{
  "model": "sessions.session",
  "pk": "7p8wu51gwo33qkqvj9g3an32376j12hx",
  "fields": {
    "session_data": ".eJxVjDsOwyAQRO9CHSFYPoaU6X0GBLs4OIlAMnYV5e6xJRdJN5r3Zt4sxG0tYet5CTOxK5Ps8tuliM9cD0CPWO-NY6vrMid-KPyknY-N8ut2un8HJfayr42AHCkpwoTakfZZerIeJCpwclJew4DkbRJO7cFY0AOCMjKDEjhZ9vkC5dg3cQ:1vmW7b:vtrJsHNlcMmGzrRVigTJEtlxtVZd8rpkvWcv5gTY-Yk",
    "expire_date": "2026-02-15T12:00:07.881Z"
  }
},
{
  "model": "sessions.session",
  "pk": "bwvq1iql8q9jlit7iz72sjiu7iaybfb8",
  "fields": {
    "session_data": ".eJxVjMsOwiAQRf-FtSFCpzxcuu83kGEYpGogKe3K-O_apAvd3nPOfYmA21rC1nkJcxIXYcTpd4tID647SHestyap1XWZo9wVedAup5b4eT3cv4OCvXxrzQ50tBbQnfVIylmPowIC5OyZ4oDZELHOKtPAxCZhVggOgb01rMT7A_YHOPo:1wEgsY:K_rRUdmxhWOeK0mBiLAp5vdkEmIBJ5_aCtOl2LNXT18",
    "expire_date": "2026-05-04T05:09:02.912Z"
  }
},
{
  "model": "sessions.session",
  "pk": "kqxhp6plnvr9wc561kcsucarca0amara",
  "fields": {
    "session_data": ".eJxVjEEOwiAQRe_C2hAYGEtduu8ZCAyDVA0kpV0Z765NutDtf-_9l_BhW4vfOi9-TuIiUJx-txjowXUH6R7qrUlqdV3mKHdFHrTLqSV-Xg_376CEXr41GIsYaVQ2apdZodMQzpA5Oa2z1REjgAKVeAS0GtAQDQ4ywGCyIyveH8BxNtA:1w8BMF:TjXm3yEeH4sr6GcrF7i-2vYmpSz2XLBDRwezar3n7nE",
    "expire_date": "2026-04-16T06:16:47.505Z"
  }
},
{
  "model": "sessions.session",
  "pk": "wimd7lxqo2hpur72gw6jddkob80ob9uj",
  "fields": {
    "session_data": ".eJxVjDsOwjAQBe_iGln-fyjpOYO19q5xADlSnFSIu0OkFNC-mXkvlmBbW9oGLWlCdmaKnX63DOVBfQd4h36beZn7ukyZ7wo_6ODXGel5Ody_gwajfWsri5EgqvUVpNYWLRUZrEPhM9YQsESgSFJmZTyZqLz2Hot2ArWLVrD3B-G8N3o:1vmawU:G0R1M-rzzBcncF7hRyXUEPFAim1Wersx-rHGJVXUSLc",
    "expire_date": "2026-02-15T17:08:58.542Z"
  }
},
{
  "model": "sessions.session",
  "pk": "zvhqyge5ecbfsqheh7bltnayq3j14sja",
  "fields": {
    "session_data": ".eJxVjDsOwjAQBe_iGlnrJf6Ekj5nsHbXNg6gRIqTCnF3iJQC2jcz76UibWuNW8tLHJO6qLM6_W5M8sjTDtKdptusZZ7WZWS9K_qgTQ9zys_r4f4dVGr1W0tXmLwR8FL6IIHZBjDFsxXjvEvQe2AXCiTsCCwhGkBxXUiIDIjq_QHszzdY:1vsDrz:hC2NQvhHzLaIVe7PrDbODb92y-4QAyB-hDsOqHdpfo8",
    "expire_date": "2026-03-03T05:43:35.847Z"
  }
},
{
  "model": "expenses.category",
  "pk": 1,
  "fields": {
    "name": "Travel",
    "description": "Travel and transportation expenses",
    "icon": "✈️",
    "color": "#3498db"
  }
},
{
  "model": "expenses.category",
  "pk": 2,
  "fields": {
    "name": "Entertainment",
    "description": "Entertainment and leisure expenses",
    "icon": "🎬",
    "color": "#9b59b6"
  }
},
{
  "model": "expenses.category",
  "pk": 3,
  "fields": {
    "name": "Food",
    "description": "Food and dining expenses",
    "icon": "🍔",
    "color": "#e74c3c"
  }
},
{
  "model": "expenses.category",
  "pk": 4,
  "fields": {
    "name": "Education",
    "description": "Education and learning expenses",
    "icon": "📚",
    "color": "#1abc9c"
  }
},
{
  "model": "expenses.category",
  "pk": 5,
  "fields": {
    "name": "Bills",
    "description": "Bills and utility payments",
    "icon": "💳",
    "color": "#2ecc71"
  }
},
{
  "model": "expenses.expense",
  "pk": 6,
  "fields": {
    "amount": "100.00",
    "description": "Chips",
    "category": 3,
    "user": [
      "Keertan"
    ],
    "date": "2026-02-01",
    "created_at": "2026-02-01T11:56:19.952Z",
    "updated_at": "2026-02-01T11:56:19.952Z",
    "receipt": ""
  }
},
{
  "model": "expenses.expense",
  "pk": 7,
  "fields": {
    "amount": "1500.00",
    "description": "journal",
    "category": 4,
    "user": [
      "Keertan"
    ],
    "date": "2026-02-01",
    "created_at": "2026-02-01T11:56:39.573Z",
    "updated_at": "2026-02-01T11:56:39.573Z",
    "receipt": ""
  }
},
{
  "model": "expenses.expense",
  "pk": 8,
  "fields": {
    "amount": "32.00",
    "description": "Bus-545",
    "category": 1,
    "user": [
      "Abcd"
    ],
    "date": "2026-02-17",
    "created_at": "2026-02-17T05:45:57.207Z",
    "updated_at": "2026-02-17T05:45:57.207Z",
    "receipt": ""
  }
},
{
  "model": "expenses.expense",
  "pk": 9,
  "fields": {
    "amount": "30.00",
    "description": "Shrikand",
    "category": 3,
    "user": [
      "Abcd"
    ],
    "date": "2026-02-17",
    "created_at": "2026-02-17T05:46:18.764Z",
    "updated_at": "2026-02-17T05:46:18.764Z",
    "receipt": ""
  }
},
{
  "model": "expenses.expense",
  "pk": 10,
  "fields": {
    "amount": "166.00",
    "description": "Print",
    "category": 4,
    "user": [
      "Keertandmce"
    ],
    "date": "2026-03-31",
    "created_at": "2026-03-31T07:01:09.433Z",
    "updated_at": "2026-03-31T07:01:09.433Z",
    "receipt": ""
  }
},
{
  "model": "expenses.expense",
  "pk": 11,
  "fields": {
    "amount": "32.00",
    "description": "Bus-545",
    "category": 1,
    "user": [
      "Keertandmce"
    ],
    "date": "2026-03-31",
    "created_at": "2026-03-31T11:41:35.566Z",
    "updated_at": "2026-03-31T11:41:35.566Z",
    "receipt": ""
  }
},
{
  "model": "expenses.expense",
  "pk": 13,
  "fields": {
    "amount": "152.00",
    "description": "Print",
    "category": 4,
    "user": [
      "Keertandmce"
    ],
    "date": "2026-04-01",
    "created_at": "2026-04-01T07:28:18.679Z",
    "updated_at": "2026-04-01T07:28:18.679Z",
    "receipt": ""
  }
},
{
  "model": "expenses.expense",
  "pk": 14,
  "fields": {
    "amount": "30.00",
    "description": "Bus-125",
    "category": 1,
    "user": [
      "Keertandmce"
    ],
    "date": "2026-04-01",
    "created_at": "2026-04-01T17:59:31.186Z",
    "updated_at": "2026-04-01T17:59:31.186Z",
    "receipt": ""
  }
},
{
  "model": "expenses.expense",
  "pk": 15,
  "fields": {
    "amount": "32.00",
    "description": "Bus-545",
    "category": 1,
    "user": [
      "Keertandmce"
    ],
    "date": "2026-04-02",
    "created_at": "2026-04-02T05:50:41.427Z",
    "updated_at": "2026-04-02T05:50:41.427Z",
    "receipt": ""
  }
},
{
  "model": "expenses.expense",
  "pk": 16,
  "fields": {
    "amount": "32.00",
    "description": "Bus-545",
    "category": 1,
    "user": [
      "Keertandmce"
    ],
    "date": "2026-04-02",
    "created_at": "2026-04-02T06:18:28.711Z",
    "updated_at": "2026-04-02T06:18:28.711Z",
    "receipt": ""
  }
},
{
  "model": "expenses.expense",
  "pk": 17,
  "fields": {
    "amount": "800.00",
    "description": "ghee",
    "category": 3,
    "user": [
      "Keertandmce"
    ],
    "date": "2026-04-02",
    "created_at": "2026-04-02T06:21:53.096Z",
    "updated_at": "2026-04-02T06:21:53.096Z",
    "receipt": ""
  }
},
{
  "model": "expenses.expense",
  "pk": 18,
  "fields": {
    "amount": "125.00",
    "description": "Bus-125",
    "category": 1,
    "user": [
      "Keertan2006"
    ],
    "date": "2026-04-20",
    "created_at": "2026-04-20T04:52:25.012Z",
    "updated_at": "2026-04-20T04:52:25.012Z",
    "receipt": ""
  }
},
{
  "model": "expenses.expense",
  "pk": 19,
  "fields": {
    "amount": "220.00",
    "description": "journal",
    "category": 4,
    "user": [
      "Keertan2006"
    ],
    "date": "2026-04-07",
    "created_at": "2026-04-20T04:53:13.328Z",
    "updated_at": "2026-04-20T04:53:13.328Z",
    "receipt": ""
  }
},
{
  "model": "expenses.expense",
  "pk": 20,
  "fields": {
    "amount": "30.00",
    "description": "Bus-125",
    "category": 1,
    "user": [
      "parth"
    ],
    "date": "2026-04-20",
    "created_at": "2026-04-20T05:09:54.951Z",
    "updated_at": "2026-04-20T05:09:54.951Z",
    "receipt": ""
  }
},
{
  "model": "expenses.expense",
  "pk": 21,
  "fields": {
    "amount": "500.00",
    "description": "ghee",
    "category": 3,
    "user": [
      "parth"
    ],
    "date": "2026-04-20",
    "created_at": "2026-04-20T05:11:03.539Z",
    "updated_at": "2026-04-20T05:11:03.539Z",
    "receipt": ""
  }
},
{
  "model": "budgets.budget",
  "pk": 1,
  "fields": {
    "user": [
      "Keertan"
    ],
    "category": null,
    "amount": "2000.00",
    "start_date": "2026-01-31",
    "end_date": "2026-02-01",
    "alert_at_50": true,
    "alert_at_75": true,
    "alert_at_90": true,
    "alert_at_100": true,
    "is_active": true,
    "created_at": "2026-01-31T10:20:57.141Z",
    "updated_at": "2026-02-01T09:40:41.764Z"
  }
},
{
  "model": "budgets.budget",
  "pk": 2,
  "fields": {
    "user": [
      "Abcd"
    ],
    "category": 2,
    "amount": "3000.00",
    "start_date": "2026-02-17",
    "end_date": "2026-03-17",
    "alert_at_50": true,
    "alert_at_75": true,
    "alert_at_90": true,
    "alert_at_100": true,
    "is_active": true,
    "created_at": "2026-02-17T05:45:10.871Z",
    "updated_at": "2026-02-17T05:45:10.871Z"
  }
},
{
  "model": "budgets.budget",
  "pk": 3,
  "fields": {
    "user": [
      "Keertandmce"
    ],
    "category": 4,
    "amount": "1500.00",
    "start_date": "2026-03-31",
    "end_date": "2026-04-03",
    "alert_at_50": true,
    "alert_at_75": true,
    "alert_at_90": true,
    "alert_at_100": true,
    "is_active": true,
    "created_at": "2026-03-31T11:42:41.701Z",
    "updated_at": "2026-03-31T11:42:41.701Z"
  }
},
{
  "model": "budgets.budget",
  "pk": 4,
  "fields": {
    "user": [
      "Keertandmce"
    ],
    "category": 1,
    "amount": "2000.00",
    "start_date": "2026-03-31",
    "end_date": "2026-04-11",
    "alert_at_50": true,
    "alert_at_75": true,
    "alert_at_90": true,
    "alert_at_100": true,
    "is_active": true,
    "created_at": "2026-03-31T12:03:16.684Z",
    "updated_at": "2026-03-31T12:03:16.684Z"
  }
},
{
  "model": "budgets.budget",
  "pk": 5,
  "fields": {
    "user": [
      "Keertandmce"
    ],
    "category": 2,
    "amount": "1000.00",
    "start_date": "2026-04-01",
    "end_date": "2026-05-01",
    "alert_at_50": true,
    "alert_at_75": true,
    "alert_at_90": true,
    "alert_at_100": true,
    "is_active": true,
    "created_at": "2026-04-01T06:09:39.099Z",
    "updated_at": "2026-04-01T06:09:39.099Z"
  }
},
{
  "model": "budgets.budget",
  "pk": 6,
  "fields": {
    "user": [
      "Keertandmce"
    ],
    "category": 3,
    "amount": "1000.00",
    "start_date": "2026-04-02",
    "end_date": "2026-04-23",
    "alert_at_50": true,
    "alert_at_75": true,
    "alert_at_90": true,
    "alert_at_100": true,
    "is_active": true,
    "created_at": "2026-04-02T06:20:23.501Z",
    "updated_at": "2026-04-02T06:20:23.501Z"
  }
},
{
  "model": "budgets.budget",
  "pk": 7,
  "fields": {
    "user": [
      "Keertan2006"
    ],
    "category": 4,
    "amount": "1000.00",
    "start_date": "2026-04-01",
    "end_date": "2026-04-30",
    "alert_at_50": true,
    "alert_at_75": true,
    "alert_at_90": true,
    "alert_at_100": true,
    "is_active": true,
    "created_at": "2026-04-20T04:53:34.941Z",
    "updated_at": "2026-04-20T04:53:34.941Z"
  }
},
{
  "model": "budgets.budget",
  "pk": 8,
  "fields": {
    "user": [
      "parth"
    ],
    "category": 3,
    "amount": "1000.00",
    "start_date": "2026-04-01",
    "end_date": "2026-04-30",
    "alert_at_50": true,
    "alert_at_75": true,
    "alert_at_90": true,
    "alert_at_100": true,
    "is_active": true,
    "created_at": "2026-04-20T05:10:38.346Z",
    "updated_at": "2026-04-20T05:10:38.346Z"
  }
},
{
  "model": "split_expenses.group",
  "pk": 1,
  "fields": {
    "name": "Bacchan",
    "description": "",
    "created_by": [
      "Keertan"
    ],
    "created_at": "2026-02-01T10:38:01.034Z",
    "updated_at": "2026-02-01T10:38:24.648Z",
    "members": [
      [
        "Keertan"
      ]
    ]
  }
},
{
  "model": "split_expenses.group",
  "pk": 2,
  "fields": {
    "name": "Bacchan",
    "description": "",
    "created_by": [
      "Abcd"
    ],
    "created_at": "2026-02-17T05:54:45.804Z",
    "updated_at": "2026-02-17T05:54:45.804Z",
    "members": [
      [
        "Keertan"
      ],
      [
        "Abcd"
      ]
    ]
  }
},
{
  "model": "split_expenses.group",
  "pk": 3,
  "fields": {
    "name": "Dmce Boys",
    "description": "",
    "created_by": [
      "Keertandmce"
    ],
    "created_at": "2026-03-31T11:43:04.267Z",
    "updated_at": "2026-04-01T18:32:06.411Z",
    "members": [
      [
        "Keertan2006"
      ],
      [
        "Keertandmce"
      ]
    ]
  }
},
{
  "model": "split_expenses.group",
  "pk": 4,
  "fields": {
    "name": "DMCE",
    "description": "",
    "created_by": [
      "parth"
    ],
    "created_at": "2026-04-20T05:11:41.395Z",
    "updated_at": "2026-04-20T05:11:41.395Z",
    "members": [
      [
        "Keertan2006"
      ],
      [
        "parth"
      ]
    ]
  }
},
{
  "model": "split_expenses.sharedexpense",
  "pk": 1,
  "fields": {
    "description": "Shrikand",
    "amount": "250.00",
    "date": "2026-03-31",
    "paid_by": [
      "Keertan2006"
    ],
    "group": 3,
    "created_at": "2026-03-31T11:57:59.373Z",
    "updated_at": "2026-03-31T11:57:59.373Z"
  }
},
{
  "model": "split_expenses.sharedexpense",
  "pk": 2,
  "fields": {
    "description": "Print",
    "amount": "200.00",
    "date": "2026-04-02",
    "paid_by": [
      "Keertandmce"
    ],
    "group": 3,
    "created_at": "2026-04-02T06:23:28.384Z",
    "updated_at": "2026-04-02T06:23:28.384Z"
  }
},
{
  "model": "split_expenses.sharedexpense",
  "pk": 3,
  "fields": {
    "description": "Print",
    "amount": "100.00",
    "date": "2026-04-20",
    "paid_by": [
      "Keertan2006"
    ],
    "group": 4,
    "created_at": "2026-04-20T05:12:22.411Z",
    "updated_at": "2026-04-20T05:12:22.412Z"
  }
},
{
  "model": "split_expenses.balance",
  "pk": 1,
  "fields": {
    "expense": 1,
    "owed_by": [
      "Keertandmce"
    ],
    "owed_to": [
      "Keertan2006"
    ],
    "amount": "125.00",
    "is_settled": true,
    "settled_at": "2026-04-02T06:28:54.377Z",
    "created_at": "2026-03-31T11:57:59.439Z"
  }
},
{
  "model": "split_expenses.balance",
  "pk": 2,
  "fields": {
    "expense": 2,
    "owed_by": [
      "Keertan2006"
    ],
    "owed_to": [
      "Keertandmce"
    ],
    "amount": "100.00",
    "is_settled": false,
    "settled_at": null,
    "created_at": "2026-04-02T06:23:28.403Z"
  }
},
{
  "model": "split_expenses.balance",
  "pk": 3,
  "fields": {
    "expense": 3,
    "owed_by": [
      "parth"
    ],
    "owed_to": [
      "Keertan2006"
    ],
    "amount": "50.00",
    "is_settled": true,
    "settled_at": "2026-04-20T05:12:51.662Z",
    "created_at": "2026-04-20T05:12:22.434Z"
  }
}
]
